Ciudad,Mes,Extranjeros no Residentes,Homicidios,Hurtos,Delitos Sexuales,geometry,Departamento
pitalito,January,33.0,2,61,15,POINT (-76.0419 1.8989),huila
pitalito,February,42.0,0,33,11,POINT (-76.0419 1.8989),huila
pitalito,March,38.0,3,41,10,POINT (-76.0419 1.8989),huila
pitalito,April,21.0,4,56,21,POINT (-76.0419 1.8989),huila
pitalito,May,34.0,3,44,20,POINT (-76.0419 1.8989),huila
pitalito,June,54.0,0,54,8,POINT (-76.0419 1.8989),huila
pitalito,July,38.0,3,39,5,POINT (-76.0419 1.8989),huila
pitalito,August,32.0,2,50,14,POINT (-76.0419 1.8989),huila
pitalito,September,33.0,5,66,18,POINT (-76.0419 1.8989),huila
pitalito,October,42.0,2,64,10,POINT (-76.0419 1.8989),huila
pitalito,November,50.0,7,54,24,POINT (-76.0419 1.8989),huila
pitalito,December,109.0,2,56,19,POINT (-76.0419 1.8989),huila
riohacha,January,108.0,4,49,8,POINT (-72.9069 11.5442),laguajira
riohacha,February,101.0,7,67,10,POINT (-72.9069 11.5442),laguajira
riohacha,March,121.0,2,48,8,POINT (-72.9069 11.5442),laguajira
riohacha,April,84.0,2,56,14,POINT (-72.9069 11.5442),laguajira
riohacha,May,88.0,5,61,11,POINT (-72.9069 11.5442),laguajira
riohacha,June,114.0,2,62,9,POINT (-72.9069 11.5442),laguajira
riohacha,July,113.0,6,50,13,POINT (-72.9069 11.5442),laguajira
riohacha,August,130.0,5,58,7,POINT (-72.9069 11.5442),laguajira
riohacha,September,103.0,7,65,9,POINT (-72.9069 11.5442),laguajira
riohacha,October,84.0,3,74,8,POINT (-72.9069 11.5442),laguajira
riohacha,November,126.0,5,64,9,POINT (-72.9069 11.5442),laguajira
riohacha,December,179.0,15,61,11,POINT (-72.9069 11.5442),laguajira
rionegro,January,271.0,2,51,7,POINT (-75.3743 6.1535),antioquia
rionegro,February,249.0,2,56,14,POINT (-75.3743 6.1535),antioquia
rionegro,March,301.0,0,56,12,POINT (-75.3743 6.1535),antioquia
rionegro,April,278.0,2,66,15,POINT (-75.3743 6.1535),antioquia
rionegro,May,311.0,2,76,13,POINT (-75.3743 6.1535),antioquia
rionegro,June,331.0,4,55,6,POINT (-75.3743 6.1535),antioquia
rionegro,July,594.0,4,60,13,POINT (-75.3743 6.1535),antioquia
rionegro,August,558.0,0,75,12,POINT (-75.3743 6.1535),antioquia
rionegro,September,343.0,2,48,11,POINT (-75.3743 6.1535),antioquia
rionegro,October,290.0,2,54,7,POINT (-75.3743 6.1535),antioquia
rionegro,November,296.0,3,59,8,POINT (-75.3743 6.1535),antioquia
rionegro,December,406.0,3,72,9,POINT (-75.3743 6.1535),antioquia
bogota,January,99767.0,83,7149,426,POINT (-74.0722 4.7111),bogotadc
bogota,February,105463.0,87,7657,403,POINT (-74.0722 4.7111),bogotadc
bogota,March,110808.0,93,8226,401,POINT (-74.0722 4.7111),bogotadc
bogota,April,100289.0,89,9208,425,POINT (-74.0722 4.7111),bogotadc
bogota,May,96886.0,84,9090,476,POINT (-74.0722 4.7111),bogotadc
bogota,June,99380.0,70,8123,421,POINT (-74.0722 4.7111),bogotadc
bogota,July,111475.0,93,8567,453,POINT (-74.0722 4.7111),bogotadc
bogota,August,111850.0,85,9612,560,POINT (-74.0722 4.7111),bogotadc
bogota,September,98044.0,100,9294,546,POINT (-74.0722 4.7111),bogotadc
bogota,October,99418.0,79,10101,430,POINT (-74.0722 4.7111),bogotadc
bogota,November,110279.0,86,9637,343,POINT (-74.0722 4.7111),bogotadc
bogota,December,110997.0,115,9299,332,POINT (-74.0722 4.7111),bogotadc
piedecuesta,January,28.0,1,66,13,POINT (-73 7.0833),santander
piedecuesta,February,26.0,1,54,11,POINT (-73 7.0833),santander
piedecuesta,March,30.0,1,45,12,POINT (-73 7.0833),santander
piedecuesta,April,29.0,0,68,15,POINT (-73 7.0833),santander
piedecuesta,May,23.0,1,52,16,POINT (-73 7.0833),santander
piedecuesta,June,34.0,2,44,13,POINT (-73 7.0833),santander
piedecuesta,July,32.0,2,47,8,POINT (-73 7.0833),santander
piedecuesta,August,30.0,0,55,10,POINT (-73 7.0833),santander
piedecuesta,September,15.0,1,44,7,POINT (-73 7.0833),santander
piedecuesta,October,24.0,3,59,9,POINT (-73 7.0833),santander
piedecuesta,November,26.0,2,46,16,POINT (-73 7.0833),santander
piedecuesta,December,58.0,3,60,6,POINT (-73 7.0833),santander
pereira,January,1735.0,10,184,40,POINT (-75.6946 4.8143),risaralda
pereira,February,1878.0,8,210,38,POINT (-75.6946 4.8143),risaralda
pereira,March,1711.0,10,183,59,POINT (-75.6946 4.8143),risaralda
pereira,April,1681.0,9,190,60,POINT (-75.6946 4.8143),risaralda
pereira,May,1622.0,8,176,71,POINT (-75.6946 4.8143),risaralda
pereira,June,2329.0,10,175,49,POINT (-75.6946 4.8143),risaralda
pereira,July,2441.0,12,135,50,POINT (-75.6946 4.8143),risaralda
pereira,August,2249.0,13,204,62,POINT (-75.6946 4.8143),risaralda
pereira,September,1424.0,12,206,47,POINT (-75.6946 4.8143),risaralda
pereira,October,1503.0,11,197,60,POINT (-75.6946 4.8143),risaralda
pereira,November,1916.0,4,216,41,POINT (-75.6946 4.8143),risaralda
pereira,December,3443.0,8,171,31,POINT (-75.6946 4.8143),risaralda
duitama,January,52.0,1,60,3,POINT (-73.0167 5.8333),boyaca
duitama,February,30.0,1,26,8,POINT (-73.0167 5.8333),boyaca
duitama,March,55.0,0,29,5,POINT (-73.0167 5.8333),boyaca
duitama,April,45.0,0,44,3,POINT (-73.0167 5.8333),boyaca
duitama,May,27.0,0,42,12,POINT (-73.0167 5.8333),boyaca
duitama,June,50.0,0,38,5,POINT (-73.0167 5.8333),boyaca
duitama,July,70.0,0,54,7,POINT (-73.0167 5.8333),boyaca
duitama,August,56.0,0,47,4,POINT (-73.0167 5.8333),boyaca
duitama,September,26.0,0,55,7,POINT (-73.0167 5.8333),boyaca
duitama,October,48.0,0,55,10,POINT (-73.0167 5.8333),boyaca
duitama,November,35.0,0,39,13,POINT (-73.0167 5.8333),boyaca
duitama,December,155.0,0,35,6,POINT (-73.0167 5.8333),boyaca
cartagena,January,46031.0,21,448,37,POINT (-75.5 10.4),bolivar
cartagena,February,51788.0,11,354,45,POINT (-75.5 10.4),bolivar
cartagena,March,55119.0,21,374,52,POINT (-75.5 10.4),bolivar
cartagena,April,43105.0,18,429,56,POINT (-75.5 10.4),bolivar
cartagena,May,37859.0,24,467,51,POINT (-75.5 10.4),bolivar
cartagena,June,37494.0,13,421,39,POINT (-75.5 10.4),bolivar
cartagena,July,43098.0,11,366,61,POINT (-75.5 10.4),bolivar
cartagena,August,43482.0,12,397,77,POINT (-75.5 10.4),bolivar
cartagena,September,37754.0,20,404,76,POINT (-75.5 10.4),bolivar
cartagena,October,33686.0,19,450,82,POINT (-75.5 10.4),bolivar
cartagena,November,39861.0,23,458,43,POINT (-75.5 10.4),bolivar
cartagena,December,41501.0,24,431,61,POINT (-75.5 10.4),bolivar
pasto,January,873.0,7,479,40,POINT (-77.2772 1.2078),narino
pasto,February,879.0,8,364,28,POINT (-77.2772 1.2078),narino
pasto,March,752.0,3,344,42,POINT (-77.2772 1.2078),narino
pasto,April,560.0,1,380,53,POINT (-77.2772 1.2078),narino
pasto,May,513.0,5,367,47,POINT (-77.2772 1.2078),narino
pasto,June,529.0,4,354,49,POINT (-77.2772 1.2078),narino
pasto,July,606.0,4,307,34,POINT (-77.2772 1.2078),narino
pasto,August,590.0,4,350,54,POINT (-77.2772 1.2078),narino
pasto,September,619.0,4,300,57,POINT (-77.2772 1.2078),narino
pasto,October,487.0,2,328,38,POINT (-77.2772 1.2078),narino
pasto,November,697.0,3,302,47,POINT (-77.2772 1.2078),narino
pasto,December,710.0,5,296,33,POINT (-77.2772 1.2078),narino
mosquera,January,49.0,1,42,13,POINT (-74.2328 4.7078),cundinamarca
mosquera,February,36.0,1,41,7,POINT (-74.2328 4.7078),cundinamarca
mosquera,March,45.0,3,56,6,POINT (-74.2328 4.7078),cundinamarca
mosquera,April,37.0,2,59,6,POINT (-74.2328 4.7078),cundinamarca
mosquera,May,31.0,1,48,6,POINT (-74.2328 4.7078),cundinamarca
mosquera,June,43.0,1,53,12,POINT (-74.2328 4.7078),cundinamarca
mosquera,July,55.0,1,54,6,POINT (-74.2328 4.7078),cundinamarca
mosquera,August,45.0,1,53,12,POINT (-74.2328 4.7078),cundinamarca
mosquera,September,47.0,2,69,12,POINT (-74.2328 4.7078),cundinamarca
mosquera,October,45.0,1,58,6,POINT (-74.2328 4.7078),cundinamarca
mosquera,November,48.0,0,69,9,POINT (-74.2328 4.7078),cundinamarca
mosquera,December,89.0,1,83,5,POINT (-74.2328 4.7078),cundinamarca
sanandres,January,9459.0,2,58,0,POINT (-81.7006 12.5847),archipielagodesanandresprovidenciaysantacatalina
sanandres,February,12137.0,5,49,6,POINT (-81.7006 12.5847),archipielagodesanandresprovidenciaysantacatalina
sanandres,March,12465.0,3,49,2,POINT (-81.7006 12.5847),archipielagodesanandresprovidenciaysantacatalina
sanandres,April,9528.0,1,44,6,POINT (-81.7006 12.5847),archipielagodesanandresprovidenciaysantacatalina
sanandres,May,7907.0,0,30,5,POINT (-81.7006 12.5847),archipielagodesanandresprovidenciaysantacatalina
sanandres,June,6314.0,1,21,3,POINT (-81.7006 12.5847),archipielagodesanandresprovidenciaysantacatalina
sanandres,July,7742.0,1,50,2,POINT (-81.7006 12.5847),archipielagodesanandresprovidenciaysantacatalina
sanandres,August,8599.0,4,32,1,POINT (-81.7006 12.5847),archipielagodesanandresprovidenciaysantacatalina
sanandres,September,6844.0,1,34,5,POINT (-81.7006 12.5847),archipielagodesanandresprovidenciaysantacatalina
sanandres,October,6617.0,6,21,5,POINT (-81.7006 12.5847),archipielagodesanandresprovidenciaysantacatalina
sanandres,November,6442.0,2,29,3,POINT (-81.7006 12.5847),archipielagodesanandresprovidenciaysantacatalina
sanandres,December,5526.0,0,32,7,POINT (-81.7006 12.5847),archipielagodesanandresprovidenciaysantacatalina
manizales,January,689.0,8,209,20,POINT (-75.55 5.1),caldas
manizales,February,449.0,7,115,26,POINT (-75.55 5.1),caldas
manizales,March,752.0,4,139,27,POINT (-75.55 5.1),caldas
manizales,April,465.0,9,156,20,POINT (-75.55 5.1),caldas
manizales,May,532.0,6,123,20,POINT (-75.55 5.1),caldas
manizales,June,815.0,3,119,25,POINT (-75.55 5.1),caldas
manizales,July,1015.0,7,104,34,POINT (-75.55 5.1),caldas
manizales,August,644.0,7,186,33,POINT (-75.55 5.1),caldas
manizales,September,567.0,3,152,27,POINT (-75.55 5.1),caldas
manizales,October,833.0,8,165,43,POINT (-75.55 5.1),caldas
manizales,November,535.0,7,142,33,POINT (-75.55 5.1),caldas
manizales,December,1186.0,8,131,27,POINT (-75.55 5.1),caldas
bucaramanga,January,1240.0,8,381,53,POINT (-73 7.1333),santander
bucaramanga,February,1149.0,8,375,61,POINT (-73 7.1333),santander
bucaramanga,March,1360.0,8,365,35,POINT (-73 7.1333),santander
bucaramanga,April,1084.0,7,451,33,POINT (-73 7.1333),santander
bucaramanga,May,927.0,5,461,62,POINT (-73 7.1333),santander
bucaramanga,June,1542.0,5,416,37,POINT (-73 7.1333),santander
bucaramanga,July,1584.0,5,422,56,POINT (-73 7.1333),santander
bucaramanga,August,1458.0,14,449,50,POINT (-73 7.1333),santander
bucaramanga,September,1381.0,9,413,52,POINT (-73 7.1333),santander
bucaramanga,October,1310.0,5,425,40,POINT (-73 7.1333),santander
bucaramanga,November,1552.0,4,495,40,POINT (-73 7.1333),santander
bucaramanga,December,2300.0,14,490,36,POINT (-73 7.1333),santander
sincelejo,January,75.0,3,112,23,POINT (-75.3961 9.295),sucre
sincelejo,February,28.0,2,117,10,POINT (-75.3961 9.295),sucre
sincelejo,March,58.0,2,101,14,POINT (-75.3961 9.295),sucre
sincelejo,April,20.0,1,125,13,POINT (-75.3961 9.295),sucre
sincelejo,May,57.0,3,116,19,POINT (-75.3961 9.295),sucre
sincelejo,June,77.0,5,140,11,POINT (-75.3961 9.295),sucre
sincelejo,July,71.0,4,132,28,POINT (-75.3961 9.295),sucre
sincelejo,August,63.0,4,132,24,POINT (-75.3961 9.295),sucre
sincelejo,September,60.0,2,139,17,POINT (-75.3961 9.295),sucre
sincelejo,October,68.0,5,142,18,POINT (-75.3961 9.295),sucre
sincelejo,November,47.0,4,112,15,POINT (-75.3961 9.295),sucre
sincelejo,December,99.0,5,148,11,POINT (-75.3961 9.295),sucre
monteria,January,176.0,10,131,30,POINT (-75.8833 8.75),cordoba
monteria,February,156.0,11,117,27,POINT (-75.8833 8.75),cordoba
monteria,March,154.0,8,117,22,POINT (-75.8833 8.75),cordoba
monteria,April,163.0,10,124,28,POINT (-75.8833 8.75),cordoba
monteria,May,223.0,3,89,32,POINT (-75.8833 8.75),cordoba
monteria,June,287.0,6,126,35,POINT (-75.8833 8.75),cordoba
monteria,July,186.0,4,115,35,POINT (-75.8833 8.75),cordoba
monteria,August,226.0,9,139,37,POINT (-75.8833 8.75),cordoba
monteria,September,153.0,7,142,32,POINT (-75.8833 8.75),cordoba
monteria,October,228.0,9,118,32,POINT (-75.8833 8.75),cordoba
monteria,November,199.0,8,130,28,POINT (-75.8833 8.75),cordoba
monteria,December,285.0,6,139,24,POINT (-75.8833 8.75),cordoba
armenia,January,707.0,6,139,31,POINT (-75.68 4.53),quindio
armenia,February,763.0,8,118,20,POINT (-75.68 4.53),quindio
armenia,March,829.0,11,106,24,POINT (-75.68 4.53),quindio
armenia,April,609.0,6,123,17,POINT (-75.68 4.53),quindio
armenia,May,756.0,7,164,24,POINT (-75.68 4.53),quindio
armenia,June,1040.0,4,139,17,POINT (-75.68 4.53),quindio
armenia,July,1174.0,9,129,23,POINT (-75.68 4.53),quindio
armenia,August,1303.0,8,140,11,POINT (-75.68 4.53),quindio
armenia,September,829.0,8,137,23,POINT (-75.68 4.53),quindio
armenia,October,655.0,5,150,12,POINT (-75.68 4.53),quindio
armenia,November,888.0,9,133,11,POINT (-75.68 4.53),quindio
armenia,December,1446.0,11,129,9,POINT (-75.68 4.53),quindio
cucuta,January,1607.0,24,195,28,POINT (-72.5039 7.8942),nortedesantander
cucuta,February,911.0,10,182,28,POINT (-72.5039 7.8942),nortedesantander
cucuta,March,940.0,21,161,34,POINT (-72.5039 7.8942),nortedesantander
cucuta,April,976.0,20,234,53,POINT (-72.5039 7.8942),nortedesantander
cucuta,May,759.0,14,219,60,POINT (-72.5039 7.8942),nortedesantander
cucuta,June,863.0,9,194,31,POINT (-72.5039 7.8942),nortedesantander
cucuta,July,996.0,16,203,38,POINT (-72.5039 7.8942),nortedesantander
cucuta,August,1173.0,22,192,26,POINT (-72.5039 7.8942),nortedesantander
cucuta,September,970.0,15,180,28,POINT (-72.5039 7.8942),nortedesantander
cucuta,October,1015.0,11,197,48,POINT (-72.5039 7.8942),nortedesantander
cucuta,November,1159.0,13,165,31,POINT (-72.5039 7.8942),nortedesantander
cucuta,December,1879.0,17,217,17,POINT (-72.5039 7.8942),nortedesantander
jamundi,January,50.0,9,38,12,POINT (-76.55 3.2667),valledelcauca
jamundi,February,63.0,7,37,5,POINT (-76.55 3.2667),valledelcauca
jamundi,March,53.0,6,33,5,POINT (-76.55 3.2667),valledelcauca
jamundi,April,52.0,17,32,16,POINT (-76.55 3.2667),valledelcauca
jamundi,May,39.0,8,41,17,POINT (-76.55 3.2667),valledelcauca
jamundi,June,107.0,0,32,11,POINT (-76.55 3.2667),valledelcauca
jamundi,July,85.0,11,33,12,POINT (-76.55 3.2667),valledelcauca
jamundi,August,90.0,5,43,9,POINT (-76.55 3.2667),valledelcauca
jamundi,September,47.0,12,33,9,POINT (-76.55 3.2667),valledelcauca
jamundi,October,57.0,8,50,8,POINT (-76.55 3.2667),valledelcauca
jamundi,November,72.0,10,42,7,POINT (-76.55 3.2667),valledelcauca
jamundi,December,169.0,11,41,10,POINT (-76.55 3.2667),valledelcauca
palmira,January,337.0,7,127,9,POINT (-76.25 3.5833),valledelcauca
palmira,February,306.0,10,110,16,POINT (-76.25 3.5833),valledelcauca
palmira,March,323.0,12,129,19,POINT (-76.25 3.5833),valledelcauca
palmira,April,234.0,12,136,22,POINT (-76.25 3.5833),valledelcauca
palmira,May,298.0,16,124,16,POINT (-76.25 3.5833),valledelcauca
palmira,June,530.0,21,133,15,POINT (-76.25 3.5833),valledelcauca
palmira,July,413.0,16,89,15,POINT (-76.25 3.5833),valledelcauca
palmira,August,533.0,10,125,14,POINT (-76.25 3.5833),valledelcauca
palmira,September,310.0,11,128,9,POINT (-76.25 3.5833),valledelcauca
palmira,October,439.0,12,130,19,POINT (-76.25 3.5833),valledelcauca
palmira,November,357.0,11,152,14,POINT (-76.25 3.5833),valledelcauca
palmira,December,845.0,18,126,12,POINT (-76.25 3.5833),valledelcauca
arauca,January,19.0,6,22,13,POINT (-70.7617 7.0903),arauca
arauca,February,20.0,2,30,6,POINT (-70.7617 7.0903),arauca
arauca,March,36.0,1,22,13,POINT (-70.7617 7.0903),arauca
arauca,April,33.0,0,34,15,POINT (-70.7617 7.0903),arauca
arauca,May,19.0,2,32,11,POINT (-70.7617 7.0903),arauca
arauca,June,38.0,1,36,8,POINT (-70.7617 7.0903),arauca
arauca,July,16.0,1,41,11,POINT (-70.7617 7.0903),arauca
arauca,August,11.0,1,28,21,POINT (-70.7617 7.0903),arauca
arauca,September,13.0,2,27,8,POINT (-70.7617 7.0903),arauca
arauca,October,11.0,4,25,13,POINT (-70.7617 7.0903),arauca
arauca,November,28.0,3,30,7,POINT (-70.7617 7.0903),arauca
arauca,December,42.0,4,30,11,POINT (-70.7617 7.0903),arauca
santamarta,January,3184.0,8,267,50,POINT (-74.2053 11.2419),magdalena
santamarta,February,2964.0,7,187,35,POINT (-74.2053 11.2419),magdalena
santamarta,March,3128.0,9,260,40,POINT (-74.2053 11.2419),magdalena
santamarta,April,2617.0,11,229,37,POINT (-74.2053 11.2419),magdalena
santamarta,May,2201.0,8,204,49,POINT (-74.2053 11.2419),magdalena
santamarta,June,2078.0,8,215,32,POINT (-74.2053 11.2419),magdalena
santamarta,July,2638.0,11,236,38,POINT (-74.2053 11.2419),magdalena
santamarta,August,2470.0,5,268,40,POINT (-74.2053 11.2419),magdalena
santamarta,September,1938.0,7,249,35,POINT (-74.2053 11.2419),magdalena
santamarta,October,2001.0,11,233,36,POINT (-74.2053 11.2419),magdalena
santamarta,November,2330.0,11,220,36,POINT (-74.2053 11.2419),magdalena
santamarta,December,2844.0,9,232,38,POINT (-74.2053 11.2419),magdalena
tulua,January,139.0,0,37,6,POINT (-76.2 4.0833),valledelcauca
tulua,February,112.0,3,30,15,POINT (-76.2 4.0833),valledelcauca
tulua,March,148.0,11,43,11,POINT (-76.2 4.0833),valledelcauca
tulua,April,95.0,7,43,10,POINT (-76.2 4.0833),valledelcauca
tulua,May,152.0,8,37,13,POINT (-76.2 4.0833),valledelcauca
tulua,June,264.0,8,44,22,POINT (-76.2 4.0833),valledelcauca
tulua,July,211.0,5,31,18,POINT (-76.2 4.0833),valledelcauca
tulua,August,183.0,11,36,15,POINT (-76.2 4.0833),valledelcauca
tulua,September,133.0,12,30,11,POINT (-76.2 4.0833),valledelcauca
tulua,October,178.0,12,41,13,POINT (-76.2 4.0833),valledelcauca
tulua,November,213.0,9,40,10,POINT (-76.2 4.0833),valledelcauca
tulua,December,486.0,14,41,16,POINT (-76.2 4.0833),valledelcauca
mocoa,January,92.0,0,20,14,POINT (-76.6475 1.15),putumayo
mocoa,February,79.0,1,18,12,POINT (-76.6475 1.15),putumayo
mocoa,March,85.0,1,7,7,POINT (-76.6475 1.15),putumayo
mocoa,April,66.0,1,19,6,POINT (-76.6475 1.15),putumayo
mocoa,May,50.0,1,5,6,POINT (-76.6475 1.15),putumayo
mocoa,June,28.0,1,6,3,POINT (-76.6475 1.15),putumayo
mocoa,July,46.0,2,4,6,POINT (-76.6475 1.15),putumayo
mocoa,August,45.0,1,15,5,POINT (-76.6475 1.15),putumayo
mocoa,September,45.0,0,17,10,POINT (-76.6475 1.15),putumayo
mocoa,October,45.0,3,7,4,POINT (-76.6475 1.15),putumayo
mocoa,November,56.0,0,9,6,POINT (-76.6475 1.15),putumayo
mocoa,December,28.0,0,9,9,POINT (-76.6475 1.15),putumayo
barranquilla,January,4606.0,34,596,68,POINT (-74.8019 10.9833),atlantico
barranquilla,February,6625.0,36,767,59,POINT (-74.8019 10.9833),atlantico
barranquilla,March,5347.0,18,767,66,POINT (-74.8019 10.9833),atlantico
barranquilla,April,4277.0,32,801,71,POINT (-74.8019 10.9833),atlantico
barranquilla,May,4433.0,22,896,73,POINT (-74.8019 10.9833),atlantico
barranquilla,June,5331.0,23,793,76,POINT (-74.8019 10.9833),atlantico
barranquilla,July,12995.0,24,794,100,POINT (-74.8019 10.9833),atlantico
barranquilla,August,5007.0,19,817,112,POINT (-74.8019 10.9833),atlantico
barranquilla,September,3848.0,35,800,83,POINT (-74.8019 10.9833),atlantico
barranquilla,October,5715.0,28,871,67,POINT (-74.8019 10.9833),atlantico
barranquilla,November,4603.0,21,877,59,POINT (-74.8019 10.9833),atlantico
barranquilla,December,7073.0,23,842,69,POINT (-74.8019 10.9833),atlantico
guadalajaradebuga,January,35.0,9,25,6,POINT (-76.3019 3.9),valledelcauca
guadalajaradebuga,February,40.0,2,28,12,POINT (-76.3019 3.9),valledelcauca
guadalajaradebuga,March,40.0,2,33,7,POINT (-76.3019 3.9),valledelcauca
guadalajaradebuga,April,26.0,7,21,9,POINT (-76.3019 3.9),valledelcauca
guadalajaradebuga,May,39.0,6,28,7,POINT (-76.3019 3.9),valledelcauca
guadalajaradebuga,June,68.0,9,26,17,POINT (-76.3019 3.9),valledelcauca
guadalajaradebuga,July,52.0,4,48,7,POINT (-76.3019 3.9),valledelcauca
guadalajaradebuga,August,63.0,9,33,8,POINT (-76.3019 3.9),valledelcauca
guadalajaradebuga,September,71.0,5,29,4,POINT (-76.3019 3.9),valledelcauca
guadalajaradebuga,October,49.0,7,35,11,POINT (-76.3019 3.9),valledelcauca
guadalajaradebuga,November,38.0,6,28,6,POINT (-76.3019 3.9),valledelcauca
guadalajaradebuga,December,86.0,5,36,7,POINT (-76.3019 3.9),valledelcauca
dosquebradas,January,110.0,1,49,11,POINT (-75.6833 4.8333),risaralda
dosquebradas,February,89.0,4,47,16,POINT (-75.6833 4.8333),risaralda
dosquebradas,March,127.0,3,41,22,POINT (-75.6833 4.8333),risaralda
dosquebradas,April,83.0,1,61,32,POINT (-75.6833 4.8333),risaralda
dosquebradas,May,126.0,6,54,20,POINT (-75.6833 4.8333),risaralda
dosquebradas,June,190.0,6,34,10,POINT (-75.6833 4.8333),risaralda
dosquebradas,July,141.0,2,48,15,POINT (-75.6833 4.8333),risaralda
dosquebradas,August,155.0,6,65,14,POINT (-75.6833 4.8333),risaralda
dosquebradas,September,98.0,4,58,21,POINT (-75.6833 4.8333),risaralda
dosquebradas,October,98.0,5,64,11,POINT (-75.6833 4.8333),risaralda
dosquebradas,November,135.0,3,47,18,POINT (-75.6833 4.8333),risaralda
dosquebradas,December,336.0,3,49,15,POINT (-75.6833 4.8333),risaralda
cajica,January,77.0,0,31,3,POINT (-74.0333 4.9167),cundinamarca
cajica,February,85.0,0,44,1,POINT (-74.0333 4.9167),cundinamarca
cajica,March,68.0,2,38,6,POINT (-74.0333 4.9167),cundinamarca
cajica,April,82.0,0,55,1,POINT (-74.0333 4.9167),cundinamarca
cajica,May,68.0,0,50,7,POINT (-74.0333 4.9167),cundinamarca
cajica,June,91.0,0,32,5,POINT (-74.0333 4.9167),cundinamarca
cajica,July,105.0,1,33,5,POINT (-74.0333 4.9167),cundinamarca
cajica,August,135.0,0,48,3,POINT (-74.0333 4.9167),cundinamarca
cajica,September,91.0,1,30,4,POINT (-74.0333 4.9167),cundinamarca
cajica,October,92.0,0,36,2,POINT (-74.0333 4.9167),cundinamarca
cajica,November,75.0,0,50,0,POINT (-74.0333 4.9167),cundinamarca
cajica,December,161.0,0,41,6,POINT (-74.0333 4.9167),cundinamarca
copacabana,January,24.0,1,16,3,POINT (-75.5 6.3333),antioquia
copacabana,February,20.0,3,26,6,POINT (-75.5 6.3333),antioquia
copacabana,March,22.0,3,27,3,POINT (-75.5 6.3333),antioquia
copacabana,April,20.0,1,15,7,POINT (-75.5 6.3333),antioquia
copacabana,May,11.0,3,27,9,POINT (-75.5 6.3333),antioquia
copacabana,June,28.0,1,27,6,POINT (-75.5 6.3333),antioquia
copacabana,July,37.0,0,37,5,POINT (-75.5 6.3333),antioquia
copacabana,August,45.0,1,21,5,POINT (-75.5 6.3333),antioquia
copacabana,September,16.0,2,11,0,POINT (-75.5 6.3333),antioquia
copacabana,October,31.0,1,16,5,POINT (-75.5 6.3333),antioquia
copacabana,November,18.0,1,31,9,POINT (-75.5 6.3333),antioquia
copacabana,December,39.0,2,26,4,POINT (-75.5 6.3333),antioquia
sabanalarga,January,4.0,2,9,6,POINT (-75.8167 6.85),antioquia
sabanalarga,February,8.0,2,8,8,POINT (-75.8167 6.85),antioquia
sabanalarga,March,6.0,1,13,13,POINT (-75.8167 6.85),antioquia
sabanalarga,April,4.0,1,9,10,POINT (-75.8167 6.85),antioquia
sabanalarga,May,2.0,4,16,5,POINT (-75.8167 6.85),antioquia
sabanalarga,June,10.0,1,9,9,POINT (-75.8167 6.85),antioquia
sabanalarga,July,15.0,4,15,12,POINT (-75.8167 6.85),antioquia
sabanalarga,August,9.0,1,16,17,POINT (-75.8167 6.85),antioquia
sabanalarga,September,3.0,5,22,12,POINT (-75.8167 6.85),antioquia
sabanalarga,October,7.0,1,13,21,POINT (-75.8167 6.85),antioquia
sabanalarga,November,7.0,2,12,22,POINT (-75.8167 6.85),antioquia
sabanalarga,December,21.0,1,20,11,POINT (-75.8167 6.85),antioquia
envigado,January,210.0,1,83,2,POINT (-75.5667 6.1667),antioquia
envigado,February,175.0,0,86,6,POINT (-75.5667 6.1667),antioquia
envigado,March,239.0,1,84,5,POINT (-75.5667 6.1667),antioquia
envigado,April,206.0,1,124,3,POINT (-75.5667 6.1667),antioquia
envigado,May,205.0,0,119,5,POINT (-75.5667 6.1667),antioquia
envigado,June,344.0,2,136,6,POINT (-75.5667 6.1667),antioquia
envigado,July,396.0,2,123,3,POINT (-75.5667 6.1667),antioquia
envigado,August,380.0,4,120,12,POINT (-75.5667 6.1667),antioquia
envigado,September,209.0,0,122,10,POINT (-75.5667 6.1667),antioquia
envigado,October,193.0,1,117,4,POINT (-75.5667 6.1667),antioquia
envigado,November,246.0,1,128,6,POINT (-75.5667 6.1667),antioquia
envigado,December,560.0,4,106,4,POINT (-75.5667 6.1667),antioquia
valledupar,January,237.0,4,160,36,POINT (-73.25 10.4833),cesar
valledupar,February,137.0,3,152,21,POINT (-73.25 10.4833),cesar
valledupar,March,144.0,5,170,28,POINT (-73.25 10.4833),cesar
valledupar,April,416.0,4,304,35,POINT (-73.25 10.4833),cesar
valledupar,May,133.0,8,218,133,POINT (-73.25 10.4833),cesar
valledupar,June,176.0,4,231,30,POINT (-73.25 10.4833),cesar
valledupar,July,295.0,13,220,39,POINT (-73.25 10.4833),cesar
valledupar,August,167.0,5,227,30,POINT (-73.25 10.4833),cesar
valledupar,September,227.0,10,171,30,POINT (-73.25 10.4833),cesar
valledupar,October,155.0,7,201,26,POINT (-73.25 10.4833),cesar
valledupar,November,368.0,7,179,32,POINT (-73.25 10.4833),cesar
valledupar,December,357.0,7,166,14,POINT (-73.25 10.4833),cesar
cartago,January,126.0,5,21,11,POINT (-75.9167 4.7),valledelcauca
cartago,February,130.0,5,24,9,POINT (-75.9167 4.7),valledelcauca
cartago,March,109.0,5,16,5,POINT (-75.9167 4.7),valledelcauca
cartago,April,88.0,7,21,6,POINT (-75.9167 4.7),valledelcauca
cartago,May,131.0,2,16,10,POINT (-75.9167 4.7),valledelcauca
cartago,June,184.0,5,22,6,POINT (-75.9167 4.7),valledelcauca
cartago,July,169.0,3,14,6,POINT (-75.9167 4.7),valledelcauca
cartago,August,200.0,4,21,9,POINT (-75.9167 4.7),valledelcauca
cartago,September,138.0,3,19,8,POINT (-75.9167 4.7),valledelcauca
cartago,October,101.0,1,19,8,POINT (-75.9167 4.7),valledelcauca
cartago,November,127.0,1,24,5,POINT (-75.9167 4.7),valledelcauca
cartago,December,346.0,5,13,8,POINT (-75.9167 4.7),valledelcauca
villavicencio,January,305.0,16,298,32,POINT (-73.6333 4.15),meta
villavicencio,February,237.0,11,350,36,POINT (-73.6333 4.15),meta
villavicencio,March,260.0,6,327,39,POINT (-73.6333 4.15),meta
villavicencio,April,221.0,14,380,45,POINT (-73.6333 4.15),meta
villavicencio,May,262.0,11,346,42,POINT (-73.6333 4.15),meta
villavicencio,June,377.0,6,333,43,POINT (-73.6333 4.15),meta
villavicencio,July,424.0,8,321,36,POINT (-73.6333 4.15),meta
villavicencio,August,278.0,7,369,50,POINT (-73.6333 4.15),meta
villavicencio,September,211.0,12,335,48,POINT (-73.6333 4.15),meta
villavicencio,October,342.0,12,406,57,POINT (-73.6333 4.15),meta
villavicencio,November,320.0,8,349,44,POINT (-73.6333 4.15),meta
villavicencio,December,502.0,8,365,55,POINT (-73.6333 4.15),meta
tunja,January,184.0,1,55,13,POINT (-73.3667 5.5333),boyaca
tunja,February,109.0,0,83,9,POINT (-73.3667 5.5333),boyaca
tunja,March,102.0,1,72,10,POINT (-73.3667 5.5333),boyaca
tunja,April,75.0,0,62,16,POINT (-73.3667 5.5333),boyaca
tunja,May,84.0,0,95,11,POINT (-73.3667 5.5333),boyaca
tunja,June,125.0,1,95,20,POINT (-73.3667 5.5333),boyaca
tunja,July,204.0,1,92,13,POINT (-73.3667 5.5333),boyaca
tunja,August,261.0,0,98,24,POINT (-73.3667 5.5333),boyaca
tunja,September,91.0,0,111,11,POINT (-73.3667 5.5333),boyaca
tunja,October,201.0,1,99,20,POINT (-73.3667 5.5333),boyaca
tunja,November,93.0,2,90,10,POINT (-73.3667 5.5333),boyaca
tunja,December,263.0,0,99,11,POINT (-73.3667 5.5333),boyaca
neiva,January,207.0,3,223,37,POINT (-75.2809 2.9345),huila
neiva,February,192.0,5,224,32,POINT (-75.2809 2.9345),huila
neiva,March,200.0,6,185,36,POINT (-75.2809 2.9345),huila
neiva,April,199.0,6,218,43,POINT (-75.2809 2.9345),huila
neiva,May,259.0,9,253,50,POINT (-75.2809 2.9345),huila
neiva,June,477.0,12,321,44,POINT (-75.2809 2.9345),huila
neiva,July,285.0,12,317,37,POINT (-75.2809 2.9345),huila
neiva,August,275.0,10,285,56,POINT (-75.2809 2.9345),huila
neiva,September,176.0,5,283,51,POINT (-75.2809 2.9345),huila
neiva,October,280.0,2,266,40,POINT (-75.2809 2.9345),huila
neiva,November,193.0,7,254,39,POINT (-75.2809 2.9345),huila
neiva,December,495.0,6,254,38,POINT (-75.2809 2.9345),huila
leticia,January,588.0,2,4,12,POINT (-69.9333 -4.2167),amazonas
leticia,February,511.0,2,8,8,POINT (-69.9333 -4.2167),amazonas
leticia,March,492.0,0,9,5,POINT (-69.9333 -4.2167),amazonas
leticia,April,518.0,0,11,7,POINT (-69.9333 -4.2167),amazonas
leticia,May,453.0,1,10,14,POINT (-69.9333 -4.2167),amazonas
leticia,June,534.0,1,12,5,POINT (-69.9333 -4.2167),amazonas
leticia,July,804.0,0,9,7,POINT (-69.9333 -4.2167),amazonas
leticia,August,534.0,0,13,10,POINT (-69.9333 -4.2167),amazonas
leticia,September,330.0,0,13,10,POINT (-69.9333 -4.2167),amazonas
leticia,October,345.0,0,12,11,POINT (-69.9333 -4.2167),amazonas
leticia,November,358.0,1,10,10,POINT (-69.9333 -4.2167),amazonas
leticia,December,405.0,0,11,16,POINT (-69.9333 -4.2167),amazonas
cali,January,12747.0,106,1210,140,POINT (-76.5222 3.4206),valledelcauca
cali,February,12558.0,85,1264,131,POINT (-76.5222 3.4206),valledelcauca
cali,March,14328.0,127,1213,166,POINT (-76.5222 3.4206),valledelcauca
cali,April,11536.0,118,1408,168,POINT (-76.5222 3.4206),valledelcauca
cali,May,11617.0,91,1375,165,POINT (-76.5222 3.4206),valledelcauca
cali,June,14236.0,78,1232,167,POINT (-76.5222 3.4206),valledelcauca
cali,July,17168.0,95,1244,178,POINT (-76.5222 3.4206),valledelcauca
cali,August,14737.0,100,1490,182,POINT (-76.5222 3.4206),valledelcauca
cali,September,12608.0,76,1399,145,POINT (-76.5222 3.4206),valledelcauca
cali,October,11973.0,78,1452,148,POINT (-76.5222 3.4206),valledelcauca
cali,November,13326.0,93,1352,127,POINT (-76.5222 3.4206),valledelcauca
cali,December,20687.0,112,1485,131,POINT (-76.5222 3.4206),valledelcauca
sogamoso,January,38.0,1,38,11,POINT (-72.9208 5.7167),boyaca
sogamoso,February,36.0,0,38,8,POINT (-72.9208 5.7167),boyaca
sogamoso,March,43.0,1,46,10,POINT (-72.9208 5.7167),boyaca
sogamoso,April,45.0,0,52,5,POINT (-72.9208 5.7167),boyaca
sogamoso,May,27.0,1,56,10,POINT (-72.9208 5.7167),boyaca
sogamoso,June,58.0,0,42,11,POINT (-72.9208 5.7167),boyaca
sogamoso,July,64.0,1,80,7,POINT (-72.9208 5.7167),boyaca
sogamoso,August,60.0,0,50,9,POINT (-72.9208 5.7167),boyaca
sogamoso,September,22.0,0,57,11,POINT (-72.9208 5.7167),boyaca
sogamoso,October,40.0,0,55,11,POINT (-72.9208 5.7167),boyaca
sogamoso,November,60.0,0,35,10,POINT (-72.9208 5.7167),boyaca
sogamoso,December,87.0,2,46,6,POINT (-72.9208 5.7167),boyaca
buenaventura,January,110.0,6,57,14,POINT (-77.0267 3.8772),valledelcauca
buenaventura,February,86.0,6,56,11,POINT (-77.0267 3.8772),valledelcauca
buenaventura,March,114.0,4,44,14,POINT (-77.0267 3.8772),valledelcauca
buenaventura,April,69.0,5,41,8,POINT (-77.0267 3.8772),valledelcauca
buenaventura,May,110.0,8,42,11,POINT (-77.0267 3.8772),valledelcauca
buenaventura,June,125.0,4,41,10,POINT (-77.0267 3.8772),valledelcauca
buenaventura,July,119.0,11,40,10,POINT (-77.0267 3.8772),valledelcauca
buenaventura,August,164.0,2,53,15,POINT (-77.0267 3.8772),valledelcauca
buenaventura,September,97.0,4,54,8,POINT (-77.0267 3.8772),valledelcauca
buenaventura,October,106.0,12,51,14,POINT (-77.0267 3.8772),valledelcauca
buenaventura,November,140.0,11,57,16,POINT (-77.0267 3.8772),valledelcauca
buenaventura,December,186.0,18,69,10,POINT (-77.0267 3.8772),valledelcauca
itagui,January,81.0,6,100,7,POINT (-75.6167 6.1667),antioquia
itagui,February,81.0,2,101,9,POINT (-75.6167 6.1667),antioquia
itagui,March,72.0,3,121,18,POINT (-75.6167 6.1667),antioquia
itagui,April,61.0,3,133,21,POINT (-75.6167 6.1667),antioquia
itagui,May,94.0,7,148,18,POINT (-75.6167 6.1667),antioquia
itagui,June,121.0,4,121,16,POINT (-75.6167 6.1667),antioquia
itagui,July,151.0,4,124,27,POINT (-75.6167 6.1667),antioquia
itagui,August,142.0,2,206,23,POINT (-75.6167 6.1667),antioquia
itagui,September,70.0,2,132,14,POINT (-75.6167 6.1667),antioquia
itagui,October,82.0,1,128,9,POINT (-75.6167 6.1667),antioquia
itagui,November,82.0,4,144,13,POINT (-75.6167 6.1667),antioquia
itagui,December,241.0,11,155,13,POINT (-75.6167 6.1667),antioquia
medellin,January,28735.0,56,1398,187,POINT (-75.5906 6.2308),antioquia
medellin,February,29947.0,40,1524,190,POINT (-75.5906 6.2308),antioquia
medellin,March,30756.0,42,1586,151,POINT (-75.5906 6.2308),antioquia
medellin,April,27790.0,57,1885,192,POINT (-75.5906 6.2308),antioquia
medellin,May,26950.0,64,1934,209,POINT (-75.5906 6.2308),antioquia
medellin,June,28093.0,66,1880,181,POINT (-75.5906 6.2308),antioquia
medellin,July,31563.0,54,1816,189,POINT (-75.5906 6.2308),antioquia
medellin,August,35060.0,52,2343,209,POINT (-75.5906 6.2308),antioquia
medellin,September,27355.0,42,1935,194,POINT (-75.5906 6.2308),antioquia
medellin,October,26387.0,51,2016,218,POINT (-75.5906 6.2308),antioquia
medellin,November,32757.0,46,1876,158,POINT (-75.5906 6.2308),antioquia
medellin,December,36140.0,56,1782,138,POINT (-75.5906 6.2308),antioquia
chia,January,338.0,2,77,5,POINT (-74.05 4.85),cundinamarca
chia,February,236.0,3,87,5,POINT (-74.05 4.85),cundinamarca
chia,March,309.0,0,103,7,POINT (-74.05 4.85),cundinamarca
chia,April,269.0,1,114,8,POINT (-74.05 4.85),cundinamarca
chia,May,320.0,1,83,5,POINT (-74.05 4.85),cundinamarca
chia,June,350.0,1,69,2,POINT (-74.05 4.85),cundinamarca
chia,July,389.0,0,67,9,POINT (-74.05 4.85),cundinamarca
chia,August,318.0,0,88,10,POINT (-74.05 4.85),cundinamarca
chia,September,267.0,1,110,9,POINT (-74.05 4.85),cundinamarca
chia,October,263.0,0,91,7,POINT (-74.05 4.85),cundinamarca
chia,November,238.0,0,88,7,POINT (-74.05 4.85),cundinamarca
chia,December,525.0,0,86,5,POINT (-74.05 4.85),cundinamarca
girardot,January,18.0,2,67,11,POINT (-74.8017 4.305),cundinamarca
girardot,February,34.0,5,58,4,POINT (-74.8017 4.305),cundinamarca
girardot,March,34.0,4,78,15,POINT (-74.8017 4.305),cundinamarca
girardot,April,19.0,8,85,1,POINT (-74.8017 4.305),cundinamarca
girardot,May,26.0,2,46,9,POINT (-74.8017 4.305),cundinamarca
girardot,June,43.0,2,68,7,POINT (-74.8017 4.305),cundinamarca
girardot,July,34.0,2,76,6,POINT (-74.8017 4.305),cundinamarca
girardot,August,42.0,1,65,6,POINT (-74.8017 4.305),cundinamarca
girardot,September,22.0,1,61,10,POINT (-74.8017 4.305),cundinamarca
girardot,October,89.0,5,99,10,POINT (-74.8017 4.305),cundinamarca
girardot,November,54.0,3,59,6,POINT (-74.8017 4.305),cundinamarca
girardot,December,108.0,3,78,2,POINT (-74.8017 4.305),cundinamarca
ipiales,January,816.0,2,67,4,POINT (-77.6444 0.8303),narino
ipiales,February,705.0,2,49,11,POINT (-77.6444 0.8303),narino
ipiales,March,683.0,2,59,5,POINT (-77.6444 0.8303),narino
ipiales,April,637.0,3,58,17,POINT (-77.6444 0.8303),narino
ipiales,May,504.0,4,39,13,POINT (-77.6444 0.8303),narino
ipiales,June,472.0,3,34,14,POINT (-77.6444 0.8303),narino
ipiales,July,491.0,7,38,5,POINT (-77.6444 0.8303),narino
ipiales,August,661.0,1,44,11,POINT (-77.6444 0.8303),narino
ipiales,September,648.0,2,41,4,POINT (-77.6444 0.8303),narino
ipiales,October,454.0,2,53,7,POINT (-77.6444 0.8303),narino
ipiales,November,575.0,4,30,11,POINT (-77.6444 0.8303),narino
ipiales,December,626.0,4,54,7,POINT (-77.6444 0.8303),narino
yopal,January,57.0,0,57,12,POINT (-72.41 5.35),casanare
yopal,February,62.0,3,72,14,POINT (-72.41 5.35),casanare
yopal,March,42.0,0,50,14,POINT (-72.41 5.35),casanare
yopal,April,42.0,1,69,8,POINT (-72.41 5.35),casanare
yopal,May,31.0,0,89,18,POINT (-72.41 5.35),casanare
yopal,June,63.0,1,90,22,POINT (-72.41 5.35),casanare
yopal,July,56.0,0,93,8,POINT (-72.41 5.35),casanare
yopal,August,57.0,2,86,12,POINT (-72.41 5.35),casanare
yopal,September,60.0,2,89,13,POINT (-72.41 5.35),casanare
yopal,October,68.0,1,103,5,POINT (-72.41 5.35),casanare
yopal,November,44.0,3,112,8,POINT (-72.41 5.35),casanare
yopal,December,111.0,1,107,9,POINT (-72.41 5.35),casanare
maicao,January,68.0,7,40,6,POINT (-72.2389 11.3778),laguajira
maicao,February,50.0,9,33,5,POINT (-72.2389 11.3778),laguajira
maicao,March,49.0,13,31,6,POINT (-72.2389 11.3778),laguajira
maicao,April,48.0,5,31,7,POINT (-72.2389 11.3778),laguajira
maicao,May,44.0,14,26,5,POINT (-72.2389 11.3778),laguajira
maicao,June,38.0,7,28,6,POINT (-72.2389 11.3778),laguajira
maicao,July,57.0,10,56,10,POINT (-72.2389 11.3778),laguajira
maicao,August,58.0,6,48,9,POINT (-72.2389 11.3778),laguajira
maicao,September,45.0,9,34,8,POINT (-72.2389 11.3778),laguajira
maicao,October,41.0,4,57,8,POINT (-72.2389 11.3778),laguajira
maicao,November,48.0,7,47,6,POINT (-72.2389 11.3778),laguajira
maicao,December,38.0,12,61,2,POINT (-72.2389 11.3778),laguajira
facatativa,January,30.0,3,64,7,POINT (-74.3667 4.8167),cundinamarca
facatativa,February,28.0,0,72,11,POINT (-74.3667 4.8167),cundinamarca
facatativa,March,44.0,0,67,9,POINT (-74.3667 4.8167),cundinamarca
facatativa,April,26.0,1,63,20,POINT (-74.3667 4.8167),cundinamarca
facatativa,May,36.0,0,64,10,POINT (-74.3667 4.8167),cundinamarca
facatativa,June,60.0,0,45,8,POINT (-74.3667 4.8167),cundinamarca
facatativa,July,56.0,2,63,14,POINT (-74.3667 4.8167),cundinamarca
facatativa,August,33.0,1,77,8,POINT (-74.3667 4.8167),cundinamarca
facatativa,September,34.0,0,68,13,POINT (-74.3667 4.8167),cundinamarca
facatativa,October,50.0,1,49,12,POINT (-74.3667 4.8167),cundinamarca
facatativa,November,42.0,0,63,12,POINT (-74.3667 4.8167),cundinamarca
facatativa,December,73.0,1,53,10,POINT (-74.3667 4.8167),cundinamarca
floridablanca,January,105.0,2,104,15,POINT (-73.0667 7.2167),santander
floridablanca,February,71.0,0,94,6,POINT (-73.0667 7.2167),santander
floridablanca,March,78.0,3,94,16,POINT (-73.0667 7.2167),santander
floridablanca,April,61.0,1,112,15,POINT (-73.0667 7.2167),santander
floridablanca,May,77.0,1,111,14,POINT (-73.0667 7.2167),santander
floridablanca,June,105.0,2,107,10,POINT (-73.0667 7.2167),santander
floridablanca,July,139.0,2,101,20,POINT (-73.0667 7.2167),santander
floridablanca,August,105.0,1,98,21,POINT (-73.0667 7.2167),santander
floridablanca,September,58.0,0,103,18,POINT (-73.0667 7.2167),santander
floridablanca,October,81.0,5,114,17,POINT (-73.0667 7.2167),santander
floridablanca,November,65.0,2,124,14,POINT (-73.0667 7.2167),santander
floridablanca,December,182.0,1,110,10,POINT (-73.0667 7.2167),santander
madrid,January,24.0,0,34,9,POINT (-74.2683 4.7344),cundinamarca
madrid,February,22.0,1,29,7,POINT (-74.2683 4.7344),cundinamarca
madrid,March,26.0,1,38,2,POINT (-74.2683 4.7344),cundinamarca
madrid,April,25.0,2,53,9,POINT (-74.2683 4.7344),cundinamarca
madrid,May,20.0,0,68,3,POINT (-74.2683 4.7344),cundinamarca
madrid,June,38.0,0,48,2,POINT (-74.2683 4.7344),cundinamarca
madrid,July,20.0,1,38,13,POINT (-74.2683 4.7344),cundinamarca
madrid,August,29.0,0,44,7,POINT (-74.2683 4.7344),cundinamarca
madrid,September,23.0,2,50,8,POINT (-74.2683 4.7344),cundinamarca
madrid,October,36.0,0,44,2,POINT (-74.2683 4.7344),cundinamarca
madrid,November,32.0,0,43,5,POINT (-74.2683 4.7344),cundinamarca
madrid,December,46.0,0,33,8,POINT (-74.2683 4.7344),cundinamarca
sabaneta,January,76.0,0,38,1,POINT (-75.6 6.15),antioquia
sabaneta,February,85.0,1,44,4,POINT (-75.6 6.15),antioquia
sabaneta,March,87.0,1,39,2,POINT (-75.6 6.15),antioquia
sabaneta,April,75.0,0,49,3,POINT (-75.6 6.15),antioquia
sabaneta,May,76.0,0,54,3,POINT (-75.6 6.15),antioquia
sabaneta,June,111.0,0,55,5,POINT (-75.6 6.15),antioquia
sabaneta,July,132.0,1,42,5,POINT (-75.6 6.15),antioquia
sabaneta,August,139.0,1,43,4,POINT (-75.6 6.15),antioquia
sabaneta,September,88.0,1,51,3,POINT (-75.6 6.15),antioquia
sabaneta,October,78.0,0,55,4,POINT (-75.6 6.15),antioquia
sabaneta,November,106.0,3,45,5,POINT (-75.6 6.15),antioquia
sabaneta,December,222.0,2,48,2,POINT (-75.6 6.15),antioquia
santanderdequilichao,January,19.0,6,32,7,POINT (-76.4833 3.0167),cauca
santanderdequilichao,February,7.0,9,26,7,POINT (-76.4833 3.0167),cauca
santanderdequilichao,March,7.0,5,36,11,POINT (-76.4833 3.0167),cauca
santanderdequilichao,April,4.0,8,36,11,POINT (-76.4833 3.0167),cauca
santanderdequilichao,May,7.0,3,41,8,POINT (-76.4833 3.0167),cauca
santanderdequilichao,June,18.0,2,46,10,POINT (-76.4833 3.0167),cauca
santanderdequilichao,July,34.0,4,41,18,POINT (-76.4833 3.0167),cauca
santanderdequilichao,August,26.0,3,53,4,POINT (-76.4833 3.0167),cauca
santanderdequilichao,September,6.0,4,39,11,POINT (-76.4833 3.0167),cauca
santanderdequilichao,October,9.0,5,44,6,POINT (-76.4833 3.0167),cauca
santanderdequilichao,November,9.0,7,44,11,POINT (-76.4833 3.0167),cauca
santanderdequilichao,December,36.0,11,48,3,POINT (-76.4833 3.0167),cauca
popayan,January,308.0,9,242,47,POINT (-76.6092 2.4542),cauca
popayan,February,251.0,2,224,47,POINT (-76.6092 2.4542),cauca
popayan,March,358.0,8,293,37,POINT (-76.6092 2.4542),cauca
popayan,April,259.0,6,254,26,POINT (-76.6092 2.4542),cauca
popayan,May,271.0,2,264,39,POINT (-76.6092 2.4542),cauca
popayan,June,338.0,6,297,41,POINT (-76.6092 2.4542),cauca
popayan,July,424.0,8,243,28,POINT (-76.6092 2.4542),cauca
popayan,August,436.0,7,229,48,POINT (-76.6092 2.4542),cauca
popayan,September,252.0,2,265,30,POINT (-76.6092 2.4542),cauca
popayan,October,363.0,5,249,28,POINT (-76.6092 2.4542),cauca
popayan,November,347.0,4,271,23,POINT (-76.6092 2.4542),cauca
popayan,December,536.0,6,278,31,POINT (-76.6092 2.4542),cauca
ibague,January,317.0,9,312,64,POINT (-75.2333 4.4333),tolima
ibague,February,253.0,5,299,44,POINT (-75.2333 4.4333),tolima
ibague,March,326.0,8,341,48,POINT (-75.2333 4.4333),tolima
ibague,April,215.0,5,340,51,POINT (-75.2333 4.4333),tolima
ibague,May,317.0,13,345,45,POINT (-75.2333 4.4333),tolima
ibague,June,655.0,7,359,63,POINT (-75.2333 4.4333),tolima
ibague,July,470.0,8,328,53,POINT (-75.2333 4.4333),tolima
ibague,August,384.0,8,333,77,POINT (-75.2333 4.4333),tolima
ibague,September,297.0,4,266,50,POINT (-75.2333 4.4333),tolima
ibague,October,333.0,3,296,50,POINT (-75.2333 4.4333),tolima
ibague,November,325.0,5,277,34,POINT (-75.2333 4.4333),tolima
ibague,December,838.0,7,278,48,POINT (-75.2333 4.4333),tolima
barrancabermeja,January,43.0,1,93,14,POINT (-73.85 7.0667),santander
barrancabermeja,February,54.0,1,112,17,POINT (-73.85 7.0667),santander
barrancabermeja,March,53.0,2,103,23,POINT (-73.85 7.0667),santander
barrancabermeja,April,39.0,4,96,20,POINT (-73.85 7.0667),santander
barrancabermeja,May,43.0,4,104,20,POINT (-73.85 7.0667),santander
barrancabermeja,June,54.0,3,81,13,POINT (-73.85 7.0667),santander
barrancabermeja,July,36.0,3,74,21,POINT (-73.85 7.0667),santander
barrancabermeja,August,54.0,5,82,22,POINT (-73.85 7.0667),santander
barrancabermeja,September,50.0,1,90,25,POINT (-73.85 7.0667),santander
barrancabermeja,October,63.0,1,100,20,POINT (-73.85 7.0667),santander
barrancabermeja,November,63.0,1,98,21,POINT (-73.85 7.0667),santander
barrancabermeja,December,85.0,2,82,15,POINT (-73.85 7.0667),santander
inirida,January,21.0,0,5,4,POINT (-67.9239 3.8653),guainia
inirida,February,14.0,0,2,3,POINT (-67.9239 3.8653),guainia
inirida,March,18.0,0,3,8,POINT (-67.9239 3.8653),guainia
inirida,April,14.0,0,6,4,POINT (-67.9239 3.8653),guainia
inirida,May,11.0,0,1,3,POINT (-67.9239 3.8653),guainia
inirida,June,6.0,1,2,9,POINT (-67.9239 3.8653),guainia
inirida,July,10.0,0,5,4,POINT (-67.9239 3.8653),guainia
inirida,August,5.0,0,3,3,POINT (-67.9239 3.8653),guainia
inirida,September,4.0,0,5,3,POINT (-67.9239 3.8653),guainia
inirida,October,10.0,1,2,7,POINT (-67.9239 3.8653),guainia
inirida,November,5.0,1,6,6,POINT (-67.9239 3.8653),guainia
inirida,December,16.0,0,7,1,POINT (-67.9239 3.8653),guainia
fusagasuga,January,66.0,0,34,11,POINT (-74.3618 4.3452),cundinamarca
fusagasuga,February,59.0,0,48,6,POINT (-74.3618 4.3452),cundinamarca
fusagasuga,March,53.0,2,60,16,POINT (-74.3618 4.3452),cundinamarca
fusagasuga,April,125.0,0,52,19,POINT (-74.3618 4.3452),cundinamarca
fusagasuga,May,53.0,1,33,9,POINT (-74.3618 4.3452),cundinamarca
fusagasuga,June,105.0,1,43,24,POINT (-74.3618 4.3452),cundinamarca
fusagasuga,July,87.0,2,31,9,POINT (-74.3618 4.3452),cundinamarca
fusagasuga,August,75.0,1,53,15,POINT (-74.3618 4.3452),cundinamarca
fusagasuga,September,53.0,0,44,16,POINT (-74.3618 4.3452),cundinamarca
fusagasuga,October,111.0,2,56,23,POINT (-74.3618 4.3452),cundinamarca
fusagasuga,November,61.0,1,45,12,POINT (-74.3618 4.3452),cundinamarca
fusagasuga,December,115.0,1,47,6,POINT (-74.3618 4.3452),cundinamarca
laestrella,January,17.0,0,27,0,POINT (-75.6667 6.1667),antioquia
laestrella,February,11.0,2,21,3,POINT (-75.6667 6.1667),antioquia
laestrella,March,33.0,0,20,2,POINT (-75.6667 6.1667),antioquia
laestrella,April,20.0,1,30,2,POINT (-75.6667 6.1667),antioquia
laestrella,May,12.0,0,23,8,POINT (-75.6667 6.1667),antioquia
laestrella,June,42.0,3,18,2,POINT (-75.6667 6.1667),antioquia
laestrella,July,42.0,2,34,6,POINT (-75.6667 6.1667),antioquia
laestrella,August,45.0,1,24,6,POINT (-75.6667 6.1667),antioquia
laestrella,September,22.0,2,32,1,POINT (-75.6667 6.1667),antioquia
laestrella,October,22.0,1,26,1,POINT (-75.6667 6.1667),antioquia
laestrella,November,18.0,0,18,3,POINT (-75.6667 6.1667),antioquia
laestrella,December,44.0,0,27,3,POINT (-75.6667 6.1667),antioquia
zipaquira,January,84.0,2,51,6,POINT (-74 5.0333),cundinamarca
zipaquira,February,51.0,0,52,7,POINT (-74 5.0333),cundinamarca
zipaquira,March,65.0,0,47,6,POINT (-74 5.0333),cundinamarca
zipaquira,April,64.0,2,55,6,POINT (-74 5.0333),cundinamarca
zipaquira,May,55.0,1,50,4,POINT (-74 5.0333),cundinamarca
zipaquira,June,77.0,4,46,3,POINT (-74 5.0333),cundinamarca
zipaquira,July,81.0,0,65,13,POINT (-74 5.0333),cundinamarca
zipaquira,August,87.0,1,50,6,POINT (-74 5.0333),cundinamarca
zipaquira,September,53.0,0,49,14,POINT (-74 5.0333),cundinamarca
zipaquira,October,77.0,0,57,8,POINT (-74 5.0333),cundinamarca
zipaquira,November,105.0,0,40,9,POINT (-74 5.0333),cundinamarca
zipaquira,December,135.0,3,50,9,POINT (-74 5.0333),cundinamarca
florencia,January,37.0,4,78,26,POINT (-75.6128 1.6139),caqueta
florencia,February,23.0,3,61,16,POINT (-75.6128 1.6139),caqueta
florencia,March,28.0,4,65,8,POINT (-75.6128 1.6139),caqueta
florencia,April,25.0,3,77,22,POINT (-75.6128 1.6139),caqueta
florencia,May,31.0,2,82,20,POINT (-75.6128 1.6139),caqueta
florencia,June,39.0,1,69,16,POINT (-75.6128 1.6139),caqueta
florencia,July,35.0,2,97,21,POINT (-75.6128 1.6139),caqueta
florencia,August,38.0,5,115,28,POINT (-75.6128 1.6139),caqueta
florencia,September,29.0,6,100,24,POINT (-75.6128 1.6139),caqueta
florencia,October,35.0,0,105,19,POINT (-75.6128 1.6139),caqueta
florencia,November,49.0,2,95,29,POINT (-75.6128 1.6139),caqueta
florencia,December,78.0,6,98,15,POINT (-75.6128 1.6139),caqueta
quibdo,January,23.0,5,54,17,POINT (-76.6581 5.6922),choco
quibdo,February,4.0,7,39,6,POINT (-76.6581 5.6922),choco
quibdo,March,55.0,13,47,9,POINT (-76.6581 5.6922),choco
quibdo,April,10.0,9,42,14,POINT (-76.6581 5.6922),choco
quibdo,May,14.0,9,39,7,POINT (-76.6581 5.6922),choco
quibdo,June,13.0,8,37,9,POINT (-76.6581 5.6922),choco
quibdo,July,12.0,10,44,10,POINT (-76.6581 5.6922),choco
quibdo,August,16.0,5,40,6,POINT (-76.6581 5.6922),choco
quibdo,September,26.0,5,63,14,POINT (-76.6581 5.6922),choco
quibdo,October,11.0,10,96,8,POINT (-76.6581 5.6922),choco
quibdo,November,8.0,9,72,4,POINT (-76.6581 5.6922),choco
quibdo,December,25.0,3,70,10,POINT (-76.6581 5.6922),choco
soledad,January,15.0,14,146,23,POINT (-74.75 10.9167),magdalena
soledad,February,46.0,13,173,31,POINT (-74.75 10.9167),magdalena
soledad,March,19.0,14,151,27,POINT (-74.75 10.9167),magdalena
soledad,April,15.0,16,217,24,POINT (-74.75 10.9167),magdalena
soledad,May,13.0,17,213,26,POINT (-74.75 10.9167),magdalena
soledad,June,20.0,5,193,33,POINT (-74.75 10.9167),magdalena
soledad,July,19.0,10,171,23,POINT (-74.75 10.9167),magdalena
soledad,August,21.0,12,176,32,POINT (-74.75 10.9167),magdalena
soledad,September,17.0,8,169,31,POINT (-74.75 10.9167),magdalena
soledad,October,17.0,13,177,28,POINT (-74.75 10.9167),magdalena
soledad,November,12.0,13,204,21,POINT (-74.75 10.9167),magdalena
soledad,December,46.0,8,152,22,POINT (-74.75 10.9167),magdalena
lavirginia,January,9.0,2,1,1,POINT (-75.8333 4.9167),risaralda
lavirginia,February,7.0,0,5,2,POINT (-75.8333 4.9167),risaralda
lavirginia,March,21.0,1,1,1,POINT (-75.8333 4.9167),risaralda
lavirginia,April,7.0,1,6,8,POINT (-75.8333 4.9167),risaralda
lavirginia,May,10.0,0,4,7,POINT (-75.8333 4.9167),risaralda
lavirginia,June,13.0,0,4,0,POINT (-75.8333 4.9167),risaralda
lavirginia,July,23.0,2,6,8,POINT (-75.8333 4.9167),risaralda
lavirginia,August,22.0,0,3,8,POINT (-75.8333 4.9167),risaralda
lavirginia,September,13.0,0,0,4,POINT (-75.8333 4.9167),risaralda
lavirginia,October,10.0,2,6,5,POINT (-75.8333 4.9167),risaralda
lavirginia,November,12.0,0,4,0,POINT (-75.8333 4.9167),risaralda
lavirginia,December,25.0,1,7,1,POINT (-75.8333 4.9167),risaralda
puertocarreno,January,32.0,2,3,0,POINT (-67.4836 6.1903),vichada
puertocarreno,February,13.0,0,1,2,POINT (-67.4836 6.1903),vichada
puertocarreno,March,17.0,1,6,0,POINT (-67.4836 6.1903),vichada
puertocarreno,April,8.0,2,6,0,POINT (-67.4836 6.1903),vichada
puertocarreno,May,5.0,0,3,1,POINT (-67.4836 6.1903),vichada
puertocarreno,June,5.0,0,3,1,POINT (-67.4836 6.1903),vichada
puertocarreno,July,13.0,0,1,2,POINT (-67.4836 6.1903),vichada
puertocarreno,August,8.0,1,2,0,POINT (-67.4836 6.1903),vichada
puertocarreno,September,11.0,2,4,3,POINT (-67.4836 6.1903),vichada
puertocarreno,October,4.0,1,5,1,POINT (-67.4836 6.1903),vichada
puertocarreno,November,9.0,1,3,1,POINT (-67.4836 6.1903),vichada
puertocarreno,December,10.0,1,4,0,POINT (-67.4836 6.1903),vichada
ocana,January,9.0,2,29,2,POINT (-73.35 8.2333),nortedesantander
ocana,February,10.0,2,17,4,POINT (-73.35 8.2333),nortedesantander
ocana,March,13.0,3,26,9,POINT (-73.35 8.2333),nortedesantander
ocana,April,11.0,5,19,2,POINT (-73.35 8.2333),nortedesantander
ocana,May,6.0,3,26,3,POINT (-73.35 8.2333),nortedesantander
ocana,June,21.0,2,38,6,POINT (-73.35 8.2333),nortedesantander
ocana,July,8.0,1,35,3,POINT (-73.35 8.2333),nortedesantander
ocana,August,10.0,3,29,7,POINT (-73.35 8.2333),nortedesantander
ocana,September,10.0,3,19,4,POINT (-73.35 8.2333),nortedesantander
ocana,October,11.0,1,33,6,POINT (-73.35 8.2333),nortedesantander
ocana,November,15.0,2,24,7,POINT (-73.35 8.2333),nortedesantander
ocana,December,61.0,1,15,3,POINT (-73.35 8.2333),nortedesantander
lajaguadeibirico,January,1.0,0,3,7,POINT (-73.3333 9.5667),cesar
lajaguadeibirico,February,0.0,0,3,1,POINT (-73.3333 9.5667),cesar
lajaguadeibirico,March,1.0,1,2,0,POINT (-73.3333 9.5667),cesar
lajaguadeibirico,April,0.0,4,4,0,POINT (-73.3333 9.5667),cesar
lajaguadeibirico,May,1.0,2,6,3,POINT (-73.3333 9.5667),cesar
lajaguadeibirico,June,0.0,0,5,1,POINT (-73.3333 9.5667),cesar
lajaguadeibirico,July,0.0,1,8,4,POINT (-73.3333 9.5667),cesar
lajaguadeibirico,August,3.0,0,3,1,POINT (-73.3333 9.5667),cesar
lajaguadeibirico,September,3.0,1,5,6,POINT (-73.3333 9.5667),cesar
lajaguadeibirico,October,1.0,2,6,1,POINT (-73.3333 9.5667),cesar
lajaguadeibirico,November,6.0,0,6,0,POINT (-73.3333 9.5667),cesar
lajaguadeibirico,December,1.0,0,7,3,POINT (-73.3333 9.5667),cesar
turbaco,January,7.0,0,9,5,POINT (-75.3333 10.35),bolivar
turbaco,February,8.0,1,15,2,POINT (-75.3333 10.35),bolivar
turbaco,March,12.0,2,19,4,POINT (-75.3333 10.35),bolivar
turbaco,April,7.0,1,16,1,POINT (-75.3333 10.35),bolivar
turbaco,May,12.0,2,15,7,POINT (-75.3333 10.35),bolivar
turbaco,June,12.0,0,16,8,POINT (-75.3333 10.35),bolivar
turbaco,July,7.0,0,22,4,POINT (-75.3333 10.35),bolivar
turbaco,August,11.0,1,15,6,POINT (-75.3333 10.35),bolivar
turbaco,September,4.0,3,14,13,POINT (-75.3333 10.35),bolivar
turbaco,October,16.0,2,17,5,POINT (-75.3333 10.35),bolivar
turbaco,November,8.0,1,16,7,POINT (-75.3333 10.35),bolivar
turbaco,December,33.0,4,14,2,POINT (-75.3333 10.35),bolivar
cienaga,January,3.0,0,31,8,POINT (-74.25 11.0069),magdalena
cienaga,February,3.0,1,23,4,POINT (-74.25 11.0069),magdalena
cienaga,March,8.0,3,30,5,POINT (-74.25 11.0069),magdalena
cienaga,April,4.0,0,19,4,POINT (-74.25 11.0069),magdalena
cienaga,May,7.0,1,21,4,POINT (-74.25 11.0069),magdalena
cienaga,June,3.0,2,26,7,POINT (-74.25 11.0069),magdalena
cienaga,July,5.0,2,24,12,POINT (-74.25 11.0069),magdalena
cienaga,August,2.0,2,32,4,POINT (-74.25 11.0069),magdalena
cienaga,September,6.0,2,28,9,POINT (-74.25 11.0069),magdalena
cienaga,October,2.0,2,44,7,POINT (-74.25 11.0069),magdalena
cienaga,November,4.0,1,31,11,POINT (-74.25 11.0069),magdalena
cienaga,December,21.0,2,30,5,POINT (-74.25 11.0069),magdalena
malambo,January,3.0,1,18,13,POINT (-74.75 10.85),atlantico
malambo,February,12.0,1,15,8,POINT (-74.75 10.85),atlantico
malambo,March,2.0,1,23,3,POINT (-74.75 10.85),atlantico
malambo,April,0.0,0,33,17,POINT (-74.75 10.85),atlantico
malambo,May,1.0,5,38,18,POINT (-74.75 10.85),atlantico
malambo,June,3.0,2,36,9,POINT (-74.75 10.85),atlantico
malambo,July,9.0,2,28,14,POINT (-74.75 10.85),atlantico
malambo,August,2.0,3,30,6,POINT (-74.75 10.85),atlantico
malambo,September,2.0,2,38,7,POINT (-74.75 10.85),atlantico
malambo,October,6.0,2,24,4,POINT (-74.75 10.85),atlantico
malambo,November,4.0,0,21,5,POINT (-74.75 10.85),atlantico
malambo,December,3.0,3,24,4,POINT (-74.75 10.85),atlantico
bello,January,80.0,6,129,22,POINT (-75.5667 6.3333),antioquia
bello,February,67.0,2,139,26,POINT (-75.5667 6.3333),antioquia
bello,March,95.0,5,151,26,POINT (-75.5667 6.3333),antioquia
bello,April,67.0,8,166,40,POINT (-75.5667 6.3333),antioquia
bello,May,97.0,8,143,19,POINT (-75.5667 6.3333),antioquia
bello,June,207.0,7,140,32,POINT (-75.5667 6.3333),antioquia
bello,July,159.0,2,128,20,POINT (-75.5667 6.3333),antioquia
bello,August,162.0,9,154,19,POINT (-75.5667 6.3333),antioquia
bello,September,99.0,10,130,45,POINT (-75.5667 6.3333),antioquia
bello,October,83.0,9,191,38,POINT (-75.5667 6.3333),antioquia
bello,November,91.0,4,137,31,POINT (-75.5667 6.3333),antioquia
bello,December,263.0,9,153,26,POINT (-75.5667 6.3333),antioquia
soacha,January,24.0,18,252,28,POINT (-74.2214 4.5872),bogotadc
soacha,February,25.0,10,267,42,POINT (-74.2214 4.5872),bogotadc
soacha,March,41.0,19,231,34,POINT (-74.2214 4.5872),bogotadc
soacha,April,16.0,12,313,35,POINT (-74.2214 4.5872),bogotadc
soacha,May,27.0,12,293,40,POINT (-74.2214 4.5872),bogotadc
soacha,June,28.0,13,308,27,POINT (-74.2214 4.5872),bogotadc
soacha,July,27.0,14,297,61,POINT (-74.2214 4.5872),bogotadc
soacha,August,37.0,13,330,36,POINT (-74.2214 4.5872),bogotadc
soacha,September,38.0,7,281,31,POINT (-74.2214 4.5872),bogotadc
soacha,October,36.0,9,331,32,POINT (-74.2214 4.5872),bogotadc
soacha,November,36.0,11,322,37,POINT (-74.2214 4.5872),bogotadc
soacha,December,60.0,20,329,23,POINT (-74.2214 4.5872),bogotadc
giron,January,12.0,0,53,11,POINT (-73.1731 7.0708),santander
giron,February,15.0,1,62,14,POINT (-73.1731 7.0708),santander
giron,March,10.0,6,57,12,POINT (-73.1731 7.0708),santander
giron,April,10.0,4,65,11,POINT (-73.1731 7.0708),santander
giron,May,11.0,2,81,9,POINT (-73.1731 7.0708),santander
giron,June,27.0,1,56,7,POINT (-73.1731 7.0708),santander
giron,July,21.0,2,53,7,POINT (-73.1731 7.0708),santander
giron,August,24.0,2,66,10,POINT (-73.1731 7.0708),santander
giron,September,13.0,0,61,11,POINT (-73.1731 7.0708),santander
giron,October,7.0,1,66,13,POINT (-73.1731 7.0708),santander
giron,November,15.0,0,60,9,POINT (-73.1731 7.0708),santander
giron,December,45.0,3,68,8,POINT (-73.1731 7.0708),santander
tumaco,January,28.0,16,15,6,POINT (-78.7647 1.8067),narino
tumaco,February,12.0,26,12,5,POINT (-78.7647 1.8067),narino
tumaco,March,12.0,36,21,4,POINT (-78.7647 1.8067),narino
tumaco,April,23.0,17,11,3,POINT (-78.7647 1.8067),narino
tumaco,May,18.0,27,8,4,POINT (-78.7647 1.8067),narino
tumaco,June,39.0,25,19,7,POINT (-78.7647 1.8067),narino
tumaco,July,38.0,16,8,9,POINT (-78.7647 1.8067),narino
tumaco,August,139.0,17,15,9,POINT (-78.7647 1.8067),narino
tumaco,September,81.0,15,20,7,POINT (-78.7647 1.8067),narino
tumaco,October,69.0,23,14,8,POINT (-78.7647 1.8067),narino
tumaco,November,22.0,18,13,4,POINT (-78.7647 1.8067),narino
tumaco,December,51.0,13,14,2,POINT (-78.7647 1.8067),narino
turbo,January,14.0,9,12,5,POINT (-76.7333 8.1),antioquia
turbo,February,8.0,13,15,7,POINT (-76.7333 8.1),antioquia
turbo,March,11.0,12,9,4,POINT (-76.7333 8.1),antioquia
turbo,April,13.0,14,6,6,POINT (-76.7333 8.1),antioquia
turbo,May,10.0,4,2,4,POINT (-76.7333 8.1),antioquia
turbo,June,3.0,13,10,6,POINT (-76.7333 8.1),antioquia
turbo,July,2.0,10,11,8,POINT (-76.7333 8.1),antioquia
turbo,August,5.0,11,14,8,POINT (-76.7333 8.1),antioquia
turbo,September,10.0,5,13,6,POINT (-76.7333 8.1),antioquia
turbo,October,4.0,4,8,5,POINT (-76.7333 8.1),antioquia
turbo,November,53.0,6,5,7,POINT (-76.7333 8.1),antioquia
turbo,December,8.0,3,16,5,POINT (-76.7333 8.1),antioquia
apartado,January,9.0,6,21,8,POINT (-76.6333 7.8833),antioquia
apartado,February,14.0,6,30,5,POINT (-76.6333 7.8833),antioquia
apartado,March,8.0,6,23,7,POINT (-76.6333 7.8833),antioquia
apartado,April,6.0,3,30,7,POINT (-76.6333 7.8833),antioquia
apartado,May,9.0,4,23,8,POINT (-76.6333 7.8833),antioquia
apartado,June,12.0,7,26,10,POINT (-76.6333 7.8833),antioquia
apartado,July,27.0,3,25,4,POINT (-76.6333 7.8833),antioquia
apartado,August,15.0,5,22,15,POINT (-76.6333 7.8833),antioquia
apartado,September,7.0,4,34,8,POINT (-76.6333 7.8833),antioquia
apartado,October,25.0,1,31,9,POINT (-76.6333 7.8833),antioquia
apartado,November,20.0,5,27,5,POINT (-76.6333 7.8833),antioquia
apartado,December,15.0,4,30,3,POINT (-76.6333 7.8833),antioquia
funza,January,30.0,0,49,3,POINT (-74.2167 4.7167),cundinamarca
funza,February,27.0,0,41,3,POINT (-74.2167 4.7167),cundinamarca
funza,March,26.0,0,56,5,POINT (-74.2167 4.7167),cundinamarca
funza,April,25.0,1,43,4,POINT (-74.2167 4.7167),cundinamarca
funza,May,18.0,1,45,4,POINT (-74.2167 4.7167),cundinamarca
funza,June,38.0,0,44,5,POINT (-74.2167 4.7167),cundinamarca
funza,July,25.0,0,43,7,POINT (-74.2167 4.7167),cundinamarca
funza,August,31.0,0,40,10,POINT (-74.2167 4.7167),cundinamarca
funza,September,18.0,0,43,4,POINT (-74.2167 4.7167),cundinamarca
funza,October,43.0,0,48,4,POINT (-74.2167 4.7167),cundinamarca
funza,November,29.0,0,35,4,POINT (-74.2167 4.7167),cundinamarca
funza,December,56.0,0,62,2,POINT (-74.2167 4.7167),cundinamarca
uribia,January,1.0,0,5,0,POINT (-72 11.9167),laguajira
uribia,February,1.0,2,1,1,POINT (-72 11.9167),laguajira
uribia,March,2.0,0,0,3,POINT (-72 11.9167),laguajira
uribia,April,0.0,0,5,0,POINT (-72 11.9167),laguajira
uribia,May,0.0,0,5,4,POINT (-72 11.9167),laguajira
uribia,June,0.0,1,5,2,POINT (-72 11.9167),laguajira
uribia,July,4.0,1,15,1,POINT (-72 11.9167),laguajira
uribia,August,2.0,0,4,0,POINT (-72 11.9167),laguajira
uribia,September,1.0,1,4,0,POINT (-72 11.9167),laguajira
uribia,October,0.0,0,5,3,POINT (-72 11.9167),laguajira
uribia,November,0.0,4,7,2,POINT (-72 11.9167),laguajira
uribia,December,1.0,0,5,3,POINT (-72 11.9167),laguajira
aguachica,January,6.0,0,18,7,POINT (-73.6333 8.3167),cesar
aguachica,February,11.0,3,27,7,POINT (-73.6333 8.3167),cesar
aguachica,March,7.0,3,39,3,POINT (-73.6333 8.3167),cesar
aguachica,April,11.0,2,22,3,POINT (-73.6333 8.3167),cesar
aguachica,May,8.0,1,32,7,POINT (-73.6333 8.3167),cesar
aguachica,June,3.0,2,31,7,POINT (-73.6333 8.3167),cesar
aguachica,July,5.0,3,29,4,POINT (-73.6333 8.3167),cesar
aguachica,August,2.0,6,29,9,POINT (-73.6333 8.3167),cesar
aguachica,September,6.0,2,32,4,POINT (-73.6333 8.3167),cesar
aguachica,October,6.0,4,23,9,POINT (-73.6333 8.3167),cesar
aguachica,November,3.0,3,29,6,POINT (-73.6333 8.3167),cesar
aguachica,December,14.0,2,28,4,POINT (-73.6333 8.3167),cesar
sanjosedelguaviare,January,4.0,0,5,9,POINT (-72.6333 2.5667),guaviare
sanjosedelguaviare,February,3.0,1,3,5,POINT (-72.6333 2.5667),guaviare
sanjosedelguaviare,March,1.0,1,5,6,POINT (-72.6333 2.5667),guaviare
sanjosedelguaviare,April,3.0,1,2,11,POINT (-72.6333 2.5667),guaviare
sanjosedelguaviare,May,1.0,5,7,10,POINT (-72.6333 2.5667),guaviare
sanjosedelguaviare,June,2.0,1,2,13,POINT (-72.6333 2.5667),guaviare
sanjosedelguaviare,July,4.0,1,12,13,POINT (-72.6333 2.5667),guaviare
sanjosedelguaviare,August,3.0,0,4,13,POINT (-72.6333 2.5667),guaviare
sanjosedelguaviare,September,2.0,0,8,5,POINT (-72.6333 2.5667),guaviare
sanjosedelguaviare,October,8.0,1,7,17,POINT (-72.6333 2.5667),guaviare
sanjosedelguaviare,November,2.0,0,12,15,POINT (-72.6333 2.5667),guaviare
sanjosedelguaviare,December,8.0,1,12,11,POINT (-72.6333 2.5667),guaviare
palermo,January,0.0,1,8,0,POINT (-75.4375 2.8917),huila
palermo,February,1.0,0,3,3,POINT (-75.4375 2.8917),huila
palermo,March,0.0,0,0,2,POINT (-75.4375 2.8917),huila
palermo,April,0.0,0,3,1,POINT (-75.4375 2.8917),huila
palermo,May,2.0,0,0,1,POINT (-75.4375 2.8917),huila
palermo,June,3.0,2,5,1,POINT (-75.4375 2.8917),huila
palermo,July,0.0,0,6,0,POINT (-75.4375 2.8917),huila
palermo,August,0.0,0,5,1,POINT (-75.4375 2.8917),huila
palermo,September,1.0,0,3,0,POINT (-75.4375 2.8917),huila
palermo,October,0.0,0,1,2,POINT (-75.4375 2.8917),huila
palermo,November,0.0,0,3,1,POINT (-75.4375 2.8917),huila
palermo,December,1.0,0,8,0,POINT (-75.4375 2.8917),huila
mitu,January,0.0,0,2,2,POINT (-70.1733 1.1983),vaupes
mitu,February,1.0,0,0,1,POINT (-70.1733 1.1983),vaupes
mitu,March,1.0,0,0,0,POINT (-70.1733 1.1983),vaupes
mitu,April,1.0,1,1,3,POINT (-70.1733 1.1983),vaupes
mitu,May,1.0,0,1,2,POINT (-70.1733 1.1983),vaupes
mitu,June,1.0,0,0,0,POINT (-70.1733 1.1983),vaupes
mitu,July,0.0,0,3,3,POINT (-70.1733 1.1983),vaupes
mitu,August,1.0,0,0,2,POINT (-70.1733 1.1983),vaupes
mitu,September,0.0,1,3,0,POINT (-70.1733 1.1983),vaupes
mitu,October,2.0,1,1,4,POINT (-70.1733 1.1983),vaupes
mitu,November,3.0,0,0,6,POINT (-70.1733 1.1983),vaupes
mitu,December,0.0,0,0,4,POINT (-70.1733 1.1983),vaupes
magangue,January,4.0,0,25,11,POINT (-74.7667 9.25),bolivar
magangue,February,6.0,1,25,10,POINT (-74.7667 9.25),bolivar
magangue,March,3.0,3,24,7,POINT (-74.7667 9.25),bolivar
magangue,April,2.0,0,23,6,POINT (-74.7667 9.25),bolivar
magangue,May,5.0,1,38,10,POINT (-74.7667 9.25),bolivar
magangue,June,5.0,4,22,6,POINT (-74.7667 9.25),bolivar
magangue,July,3.0,1,25,8,POINT (-74.7667 9.25),bolivar
magangue,August,1.0,1,25,9,POINT (-74.7667 9.25),bolivar
magangue,September,2.0,2,24,7,POINT (-74.7667 9.25),bolivar
magangue,October,1.0,1,30,8,POINT (-74.7667 9.25),bolivar
magangue,November,1.0,1,31,5,POINT (-74.7667 9.25),bolivar
magangue,December,11.0,1,22,3,POINT (-74.7667 9.25),bolivar
